"tcell_line","cluster","Time","n","perc"
"CD4_TEG","9",1,54,10.4854368932039
"CD4_TEG","9",1.03333333333333,53,10.3515625
"CD4_TEG","9",1.06666666666667,53,10.3112840466926
"CD4_TEG","9",1.1,54,10.4651162790698
"CD4_TEG","9",1.13333333333333,55,10.6177606177606
"CD4_TEG","9",1.16666666666667,55,10.6177606177606
"CD4_TEG","9",1.2,56,10.8317214700193
"CD4_TEG","9",1.23333333333333,57,11.003861003861
"CD4_TEG","9",1.26666666666667,57,10.9404990403071
"CD4_TEG","9",1.3,57,11.046511627907
"CD4_TEG","9",1.33333333333333,56,10.8527131782946
"CD4_TEG","9",1.36666666666667,57,11.046511627907
"CD4_TEG","9",1.4,57,11.1328125
"CD4_TEG","9",1.43333333333333,59,11.4563106796117
"CD4_TEG","9",1.46666666666667,59,11.5009746588694
"CD4_TEG","9",1.5,61,11.8217054263566
"CD4_TEG","9",1.53333333333333,62,11.9230769230769
"CD4_TEG","9",1.56666666666667,62,11.9922630560928
"CD4_TEG","9",1.6,63,12.1387283236994
"CD4_TEG","9",1.63333333333333,62,11.969111969112
"CD4_TEG","9",1.66666666666667,62,12.0622568093385
"CD4_TEG","9",1.7,61,12.0315581854043
"CD4_TEG","9",1.73333333333333,61,12.0315581854043
"CD4_TEG","9",1.76666666666667,63,12.37721021611
"CD4_TEG","9",1.8,62,12.3015873015873
"CD4_TEG","9",1.83333333333333,62,12.2772277227723
"CD4_TEG","9",1.86666666666667,62,12.3260437375746
"CD4_TEG","9",1.9,63,12.37721021611
"CD4_TEG","9",1.93333333333333,63,12.280701754386
"CD4_TEG","9",1.96666666666667,65,12.6459143968872
"CD4_TEG","9",2,64,12.5
"CD4_TEG","9",2.03333333333333,65,12.6459143968872
"CD4_TEG","9",2.06666666666667,65,12.621359223301
"CD4_TEG","9",2.1,66,12.890625
"CD4_TEG","9",2.13333333333333,67,13.1115459882583
"CD4_TEG","9",2.16666666666667,69,13.4765625
"CD4_TEG","9",2.2,68,13.2038834951456
"CD4_TEG","9",2.23333333333333,67,13.0604288499025
"CD4_TEG","9",2.26666666666667,66,12.9158512720157
"CD4_TEG","9",2.3,63,12.4015748031496
"CD4_TEG","9",2.33333333333333,64,12.6732673267327
"CD4_TEG","9",2.36666666666667,63,12.6
"CD4_TEG","9",2.4,63,12.625250501002
"CD4_TEG","9",2.43333333333333,66,13.2
"CD4_TEG","9",2.46666666666667,63,12.8309572301426
"CD4_TEG","9",2.5,63,12.8571428571429
"CD4_TEG","9",2.53333333333333,62,12.6530612244898
"CD4_TEG","9",2.56666666666667,62,12.6016260162602
"CD4_TEG","9",2.6,63,12.8309572301426
"CD4_TEG","9",2.63333333333333,62,12.7835051546392
"CD4_TEG","9",2.66666666666667,60,12.6050420168067
"CD4_TEG","9",2.7,59,12.3949579831933
"CD4_TEG","9",2.73333333333333,59,12.4210526315789
"CD4_TEG","9",2.76666666666667,59,12.5799573560768
"CD4_TEG","9",2.8,58,12.3931623931624
"CD4_TEG","9",2.83333333333333,58,12.4731182795699
"CD4_TEG","9",2.86666666666667,60,12.7659574468085
"CD4_TEG","9",2.9,61,13.0620985010707
"CD4_TEG","9",2.93333333333333,61,13.1465517241379
"CD4_TEG","9",2.96666666666667,57,12.3376623376623
"CD4_TEG","9",3,59,12.7429805615551
"CD4_TEG","9",3.03333333333333,61,13.034188034188
"CD4_TEG","9",3.06666666666667,59,12.7155172413793
"CD4_TEG","9",3.1,58,12.5813449023861
"CD4_TEG","9",3.13333333333333,61,13.3187772925764
"CD4_TEG","9",3.16666666666667,60,13.1578947368421
"CD4_TEG","9",3.2,60,13.1578947368421
"CD4_TEG","9",3.23333333333333,60,13.0718954248366
"CD4_TEG","9",3.26666666666667,62,13.3047210300429
"CD4_TEG","9",3.3,65,14.0388768898488
"CD4_TEG","9",3.33333333333333,55,12.8205128205128
"CD4_TEG","9",3.36666666666667,49,18.0147058823529
"CD4_TEG","9",3.4,49,18.2156133828996
"CD4_TEG","9",3.43333333333333,51,18.75
"CD4_TEG","9",3.46666666666667,52,18.8405797101449
"CD4_TEG","9",3.5,54,18.9473684210526
"CD4_TEG","9",3.53333333333333,54,18.75
"CD4_TEG","9",3.56666666666667,53,18.3391003460208
"CD4_TEG","9",3.6,55,18.6440677966102
"CD4_TEG","9",3.63333333333333,58,19.3333333333333
"CD4_TEG","9",3.66666666666667,60,19.8675496688742
"CD4_TEG","9",3.7,58,19.3979933110368
"CD4_TEG","9",3.73333333333333,57,19.3877551020408
"CD4_TEG","9",3.76666666666667,57,19.1275167785235
"CD4_TEG","9",3.8,57,19.0635451505017
"CD4_TEG","9",3.83333333333333,58,19.6610169491525
"CD4_TEG","9",3.86666666666667,56,18.9189189189189
"CD4_TEG","9",3.9,56,18.9830508474576
"CD4_TEG","9",3.93333333333333,57,19.1919191919192
"CD4_TEG","9",3.96666666666667,57,19.3220338983051
"CD4_TEG","9",4,58,19.7952218430034
"CD4_TEG","9",4.03333333333333,59,20.2054794520548
"CD4_TEG","9",4.06666666666667,57,19.7231833910035
"CD4_TEG","9",4.1,59,20.2054794520548
"CD4_TEG","9",4.13333333333333,59,19.9324324324324
"CD4_TEG","9",4.16666666666667,61,20.5387205387205
"CD4_TEG","9",4.2,64,21.4046822742475
"CD4_TEG","9",4.23333333333333,62,21.0169491525424
"CD4_TEG","9",4.26666666666667,62,20.9459459459459
"CD4_TEG","9",4.3,65,21.8855218855219
"CD4_TEG","9",4.33333333333333,63,21.0702341137124
"CD4_TEG","9",4.36666666666667,63,21.1409395973154
"CD4_TEG","9",4.4,62,20.8053691275168
"CD4_TEG","9",4.43333333333333,64,21.5488215488216
"CD4_TEG","9",4.46666666666667,62,21.0884353741497
"CD4_TEG","9",4.5,61,20.6779661016949
"CD4_TEG","9",4.53333333333333,60,20.2020202020202
"CD4_TEG","9",4.56666666666667,59,19.7986577181208
"CD4_TEG","9",4.6,60,20.066889632107
"CD4_TEG","9",4.63333333333333,61,20.4697986577181
"CD4_TEG","9",4.66666666666667,61,20.6081081081081
"CD4_TEG","9",4.7,60,20.7612456747405
"CD4_TEG","9",4.73333333333333,59,20.4861111111111
"CD4_TEG","9",4.76666666666667,58,20.3508771929825
"CD4_TEG","9",4.8,60,20.7612456747405
"CD4_TEG","9",4.83333333333333,59,20.4861111111111
"CD4_TEG","9",4.86666666666667,59,20.1365187713311
"CD4_TEG","9",4.9,59,20.2054794520548
"CD4_TEG","9",4.93333333333333,59,20.1365187713311
"CD4_TEG","9",4.96666666666667,59,19.8653198653199
"CD4_TEG","9",5,61,20.1320132013201
"CD4_TEG","9",5.03333333333333,61,19.9346405228758
"CD4_TEG","9",5.06666666666667,59,19.7324414715719
"CD4_TEG","9",5.1,60,19.8019801980198
"CD4_TEG","9",5.13333333333333,60,19.9335548172757
"CD4_TEG","9",5.16666666666667,57,19.0635451505017
"CD4_TEG","9",5.2,57,19.2567567567568
"CD4_TEG","9",5.23333333333333,54,18.0602006688963
"CD4_TEG","9",5.26666666666667,54,18.2432432432432
"CD4_TEG","9",5.3,55,18.5810810810811
"CD4_TEG","9",5.33333333333333,56,18.7290969899666
"CD4_TEG","9",5.36666666666667,56,18.9189189189189
"CD4_TEG","9",5.4,56,19.1126279863481
"CD4_TEG","9",5.43333333333333,58,20
"CD4_TEG","9",5.46666666666667,58,19.9312714776632
"CD4_TEG","9",5.5,57,19.5876288659794
"CD4_TEG","9",5.53333333333333,57,19.7916666666667
"CD4_TEG","9",5.56666666666667,56,19.7183098591549
"CD4_TEG","9",5.6,56,19.9288256227758
"CD4_TEG","9",5.63333333333333,57,20.5776173285199
"CD4_TEG","9",5.66666666666667,57,20.2846975088968
"CD4_TEG","9",5.7,57,20.2846975088968
"CD4_TEG","9",5.73333333333333,57,20.5035971223022
"CD4_TEG","9",5.76666666666667,58,20.7885304659498
"CD4_TEG","9",5.8,56,20
"CD4_TEG","9",5.83333333333333,57,20.5776173285199
"CD4_TEG","9",5.86666666666667,57,20.4301075268817
"CD4_TEG","9",5.9,54,19.4945848375451
"CD4_TEG","9",5.93333333333333,55,20.0729927007299
"CD4_TEG","9",5.96666666666667,55,20.4460966542751
"CD4_TEG","9",6,53,19.2028985507246
"CD4_TEG","9",6.03333333333333,53,19.1335740072202
"CD4_TEG","9",6.06666666666667,53,19.2727272727273
"CD4_TEG","9",6.1,53,19.4139194139194
"CD4_TEG","9",6.13333333333333,53,19.5571955719557
"CD4_TEG","9",6.16666666666667,54,19.9261992619926
"CD4_TEG","9",6.2,53,19.6296296296296
"CD4_TEG","9",6.23333333333333,51,19.3916349809886
"CD4_TEG","9",6.26666666666667,51,19.5402298850575
"CD4_TEG","9",6.3,51,19.5402298850575
"CD4_TEG","9",6.33333333333333,51,19.6153846153846
"CD4_TEG","9",6.36666666666667,52,19.8473282442748
"CD4_TEG","9",6.4,52,19.6969696969697
"CD4_TEG","9",6.43333333333333,50,19.0839694656489
"CD4_TEG","9",6.46666666666667,52,19.6969696969697
"CD4_TEG","9",6.5,54,20.6896551724138
"CD4_TEG","9",6.53333333333333,56,21.455938697318
"CD4_TEG","9",6.56666666666667,55,21.0727969348659
"CD4_TEG","9",6.6,52,20.3125
"CD4_TEG","9",6.63333333333333,51,19.8443579766537
"CD4_TEG","9",6.66666666666667,51,19.921875
"CD4_TEG","9",6.7,51,19.6911196911197
"CD4_TEG","9",6.73333333333333,52,20.0772200772201
"CD4_TEG","9",6.76666666666667,50,19.6850393700787
"CD4_TEG","9",6.8,50,19.53125
"CD4_TEG","9",6.83333333333333,52,20.3125
"CD4_TEG","9",6.86666666666667,53,20.7843137254902
"CD4_TEG","9",6.9,54,21.4285714285714
"CD4_TEG","9",6.93333333333333,54,21.5139442231076
"CD4_TEG","9",6.96666666666667,52,20.7171314741036
"CD4_TEG","9",7,50,19.6850393700787
"CD4_TEG","9",7.03333333333333,51,20.0787401574803
"CD4_TEG","9",7.06666666666667,50,20.0803212851406
"CD4_TEG","9",7.1,50,19.8412698412698
"CD4_TEG","9",7.13333333333333,51,20.4819277108434
"CD4_TEG","9",7.16666666666667,50,20.0803212851406
"CD4_TEG","9",7.2,47,19.3415637860082
"CD4_TEG","9",7.23333333333333,46,18.8524590163934
"CD4_TEG","9",7.26666666666667,45,18.75
"CD4_TEG","9",7.3,46,19.6581196581197
"CD4_TEG","9",7.33333333333333,45,19.5652173913043
"CD4_TEG","9",7.36666666666667,44,19.1304347826087
"CD4_TEG","9",7.4,43,18.4549356223176
"CD4_TEG","9",7.43333333333333,46,19.5744680851064
"CD4_TEG","9",7.46666666666667,45,19.6506550218341
"CD4_TEG","9",7.5,45,19.31330472103
"CD4_TEG","9",7.53333333333333,44,19.1304347826087
"CD4_TEG","9",7.56666666666667,43,18.7772925764192
"CD4_TEG","9",7.6,42,18.3406113537118
"CD4_TEG","9",7.63333333333333,41,17.9039301310044
"CD4_TEG","9",7.66666666666667,41,17.9039301310044
"CD4_TEG","9",7.7,40,17.8571428571429
"CD4_TEG","9",7.73333333333333,40,18.0995475113122
"CD4_TEG","9",7.76666666666667,39,17.9723502304147
"CD4_TEG","9",7.8,40,18.4331797235023
"CD4_TEG","9",7.83333333333333,40,18.6046511627907
"CD4_TEG","9",7.86666666666667,40,18.2648401826484
"CD4_TEG","9",7.9,40,18.348623853211
"CD4_TEG","9",7.93333333333333,40,18.6046511627907
"CD4_TEG","9",7.96666666666667,37,17.2897196261682
"CD4_TEG","9",8,35,16.4319248826291
"CD4_TEG","9",8.03333333333333,35,16.2037037037037
"CD4_TEG","9",8.06666666666667,35,16.5876777251185
"CD4_TEG","9",8.1,35,16.7464114832536
"CD4_TEG","9",8.13333333333333,32,15.4589371980676
"CD4_TEG","9",8.16666666666667,34,16.1137440758294
"CD4_TEG","9",8.2,34,16.2679425837321
"CD4_TEG","9",8.23333333333333,34,16.4251207729469
"CD4_TEG","9",8.26666666666667,33,15.7894736842105
"CD4_TEG","9",8.3,31,15.2709359605911
"CD4_TEG","9",8.33333333333333,32,15.6862745098039
"CD4_TEG","9",8.36666666666667,32,15.609756097561
"CD4_TEG","9",8.4,32,15.4589371980676
"CD4_TEG","9",8.43333333333333,33,15.9420289855072
"CD4_TEG","9",8.46666666666667,32,15.3846153846154
"CD4_TEG","9",8.5,31,14.9038461538462
"CD4_TEG","9",8.53333333333333,31,14.9038461538462
"CD4_TEG","9",8.56666666666667,31,14.975845410628
"CD4_TEG","9",8.6,31,14.9038461538462
"CD4_TEG","9",8.63333333333333,30,14.4927536231884
"CD4_TEG","9",8.66666666666667,30,14.4927536231884
"CD4_TEG","9",8.7,29,14.4278606965174
"CD4_TEG","9",8.73333333333333,30,14.8514851485149
"CD4_TEG","9",8.76666666666667,29,14.6464646464646
"CD4_TEG","9",8.8,29,14.7208121827411
"CD4_TEG","9",8.83333333333333,29,14.7208121827411
"CD4_TEG","9",8.86666666666667,29,14.8717948717949
"CD4_TEG","9",8.9,28,14.070351758794
"CD4_TEG","9",8.93333333333333,27,13.5
"CD4_TEG","9",8.96666666666667,26,13.1313131313131
"CD4_TEG","9",9,25,12.6903553299492
"CD4_TEG","9",9.03333333333333,25,12.8205128205128
"CD4_TEG","9",9.06666666666667,25,12.9533678756477
"CD4_TEG","9",9.1,25,13.0208333333333
"CD4_TEG","9",9.13333333333333,25,13.2275132275132
"CD4_TEG","9",9.16666666666667,25,13.3689839572193
"CD4_TEG","9",9.2,25,13.5135135135135
"CD4_TEG","9",9.23333333333333,25,13.6612021857923
"CD4_TEG","9",9.26666666666667,25,13.8888888888889
"CD4_TEG","9",9.3,24,13.5593220338983
"CD4_TEG","9",9.33333333333333,22,12.9411764705882
"CD4_TEG","9",9.36666666666667,20,11.9760479041916
"CD4_TEG","9",9.4,20,12.1951219512195
"CD4_TEG","9",9.43333333333333,20,12.3456790123457
"CD4_TEG","9",9.46666666666667,19,12.1019108280255
"CD4_TEG","9",9.5,18,11.9205298013245
"CD4_TEG","9",9.53333333333333,17,11.4864864864865
"CD4_TEG","9",9.56666666666667,16,11.1888111888112
"CD4_TEG","9",9.6,15,10.8695652173913
"CD4_TEG","9",9.63333333333333,15,11.1940298507463
"CD4_TEG","9",9.66666666666667,15,11.2781954887218
"CD4_TEG","9",9.7,15,11.4503816793893
"CD4_TEG","9",9.73333333333333,14,11.1111111111111
"CD4_TEG","9",9.76666666666667,13,10.5691056910569
"CD4_TEG","9",9.8,12,10.0840336134454
"CD4_TEG","9",9.83333333333333,12,10.4347826086957
"CD4_TEG","9",9.86666666666667,10,9.1743119266055
"CD4_TEG","9",9.9,10,9.52380952380952
"CD4_TEG","9",9.93333333333333,10,9.9009900990099
"CD4_TEG","9",9.96666666666667,10,10.6382978723404
"CD8_TEG","9",1,93,13.1170662905501
"CD8_TEG","9",1.03333333333333,94,13.1652661064426
"CD8_TEG","9",1.06666666666667,96,13.4078212290503
"CD8_TEG","9",1.1,98,13.6111111111111
"CD8_TEG","9",1.13333333333333,99,13.6929460580913
"CD8_TEG","9",1.16666666666667,98,13.5922330097087
"CD8_TEG","9",1.2,101,13.8736263736264
"CD8_TEG","9",1.23333333333333,95,13.2127955493741
"CD8_TEG","9",1.26666666666667,95,13.268156424581
"CD8_TEG","9",1.3,94,13.1101813110181
"CD8_TEG","9",1.33333333333333,98,13.6300417246175
"CD8_TEG","9",1.36666666666667,101,13.969571230982
"CD8_TEG","9",1.4,102,13.972602739726
"CD8_TEG","9",1.43333333333333,107,14.4986449864499
"CD8_TEG","9",1.46666666666667,107,14.3624161073826
"CD8_TEG","9",1.5,108,14.5161290322581
"CD8_TEG","9",1.53333333333333,110,14.6862483311081
"CD8_TEG","9",1.56666666666667,112,14.9732620320856
"CD8_TEG","9",1.6,109,14.6900269541779
"CD8_TEG","9",1.63333333333333,113,15.1474530831099
"CD8_TEG","9",1.66666666666667,114,15.2815013404826
"CD8_TEG","9",1.7,115,15.4986522911051
"CD8_TEG","9",1.73333333333333,115,15.625
"CD8_TEG","9",1.76666666666667,115,15.7534246575342
"CD8_TEG","9",1.8,117,15.9183673469388
"CD8_TEG","9",1.83333333333333,118,15.9891598915989
"CD8_TEG","9",1.86666666666667,122,16.3101604278075
"CD8_TEG","9",1.9,124,16.6442953020134
"CD8_TEG","9",1.93333333333333,127,16.8882978723404
"CD8_TEG","9",1.96666666666667,129,17.0409511228534
"CD8_TEG","9",2,129,17.1770972037284
"CD8_TEG","9",2.03333333333333,133,17.6158940397351
"CD8_TEG","9",2.06666666666667,137,18.218085106383
"CD8_TEG","9",2.1,139,18.4840425531915
"CD8_TEG","9",2.13333333333333,143,18.9655172413793
"CD8_TEG","9",2.16666666666667,146,19.1601049868766
"CD8_TEG","9",2.2,146,19.3121693121693
"CD8_TEG","9",2.23333333333333,144,19.1235059760956
"CD8_TEG","9",2.26666666666667,146,19.4148936170213
"CD8_TEG","9",2.3,149,19.7350993377483
"CD8_TEG","9",2.33333333333333,151,19.8945981554677
"CD8_TEG","9",2.36666666666667,151,20.026525198939
"CD8_TEG","9",2.4,151,20.1065246338216
"CD8_TEG","9",2.43333333333333,150,20
"CD8_TEG","9",2.46666666666667,153,20.4819277108434
"CD8_TEG","9",2.5,154,20.5607476635514
"CD8_TEG","9",2.53333333333333,151,20.2412868632708
"CD8_TEG","9",2.56666666666667,150,20
"CD8_TEG","9",2.6,151,20.1871657754011
"CD8_TEG","9",2.63333333333333,150,20.0534759358289
"CD8_TEG","9",2.66666666666667,151,20.1333333333333
"CD8_TEG","9",2.7,154,20.5333333333333
"CD8_TEG","9",2.73333333333333,153,20.5093833780161
"CD8_TEG","9",2.76666666666667,152,20.2666666666667
"CD8_TEG","9",2.8,150,20.0534759358289
"CD8_TEG","9",2.83333333333333,150,20.1072386058981
"CD8_TEG","9",2.86666666666667,150,20.1884253028264
"CD8_TEG","9",2.9,155,20.8333333333333
"CD8_TEG","9",2.93333333333333,157,21.1021505376344
"CD8_TEG","9",2.96666666666667,158,21.1796246648794
"CD8_TEG","9",3,158,21.0666666666667
"CD8_TEG","9",3.03333333333333,157,21.0455764075067
"CD8_TEG","9",3.06666666666667,159,21.1717709720373
"CD8_TEG","9",3.1,159,21.3709677419355
"CD8_TEG","9",3.13333333333333,161,21.7273954116059
"CD8_TEG","9",3.16666666666667,162,21.832884097035
"CD8_TEG","9",3.2,161,21.8157181571816
"CD8_TEG","9",3.23333333333333,163,21.9676549865229
"CD8_TEG","9",3.26666666666667,160,21.8281036834925
"CD8_TEG","9",3.3,160,21.8281036834925
"CD8_TEG","9",3.33333333333333,149,22.2720478325859
"CD8_TEG","9",3.36666666666667,132,26.6129032258065
"CD8_TEG","9",3.4,128,26.0162601626016
"CD8_TEG","9",3.43333333333333,135,26.7326732673267
"CD8_TEG","9",3.46666666666667,140,27.2373540856031
"CD8_TEG","9",3.5,142,27.2552783109405
"CD8_TEG","9",3.53333333333333,143,27.0321361058601
"CD8_TEG","9",3.56666666666667,143,26.7790262172285
"CD8_TEG","9",3.6,145,26.7527675276753
"CD8_TEG","9",3.63333333333333,147,26.7272727272727
"CD8_TEG","9",3.66666666666667,149,26.8468468468468
"CD8_TEG","9",3.7,151,27.5045537340619
"CD8_TEG","9",3.73333333333333,151,27.9112754158965
"CD8_TEG","9",3.76666666666667,148,27.4074074074074
"CD8_TEG","9",3.8,148,27.56052141527
"CD8_TEG","9",3.83333333333333,148,27.5092936802974
"CD8_TEG","9",3.86666666666667,146,27.3921200750469
"CD8_TEG","9",3.9,144,26.7657992565056
"CD8_TEG","9",3.93333333333333,145,26.8518518518519
"CD8_TEG","9",3.96666666666667,151,27.6051188299817
"CD8_TEG","9",4,152,27.6867030965392
"CD8_TEG","9",4.03333333333333,155,28.1306715063521
"CD8_TEG","9",4.06666666666667,158,28.4684684684685
"CD8_TEG","9",4.1,157,28.1362007168459
"CD8_TEG","9",4.13333333333333,161,28.6476868327402
"CD8_TEG","9",4.16666666666667,164,29.1814946619217
"CD8_TEG","9",4.2,164,29.2857142857143
"CD8_TEG","9",4.23333333333333,165,29.4117647058824
"CD8_TEG","9",4.26666666666667,166,29.3805309734513
"CD8_TEG","9",4.3,166,29.0718038528897
"CD8_TEG","9",4.33333333333333,163,28.6971830985915
"CD8_TEG","9",4.36666666666667,161,28.75
"CD8_TEG","9",4.4,161,28.8014311270125
"CD8_TEG","9",4.43333333333333,162,29.0843806104129
"CD8_TEG","9",4.46666666666667,161,29.009009009009
"CD8_TEG","9",4.5,159,28.7003610108303
"CD8_TEG","9",4.53333333333333,158,28.6231884057971
"CD8_TEG","9",4.56666666666667,158,28.1639928698752
"CD8_TEG","9",4.6,162,28.7744227353464
"CD8_TEG","9",4.63333333333333,163,29.3693693693694
"CD8_TEG","9",4.66666666666667,164,29.7640653357532
"CD8_TEG","9",4.7,161,29.5955882352941
"CD8_TEG","9",4.73333333333333,159,29.2817679558011
"CD8_TEG","9",4.76666666666667,160,29.6846011131725
"CD8_TEG","9",4.8,164,30.3703703703704
"CD8_TEG","9",4.83333333333333,166,30.7977736549165
"CD8_TEG","9",4.86666666666667,164,30.6542056074766
"CD8_TEG","9",4.9,164,30.8270676691729
"CD8_TEG","9",4.93333333333333,166,31.3799621928166
"CD8_TEG","9",4.96666666666667,166,31.4990512333966
"CD8_TEG","9",5,165,31.0734463276836
"CD8_TEG","9",5.03333333333333,165,31.3092979127135
"CD8_TEG","9",5.06666666666667,163,30.9297912713472
"CD8_TEG","9",5.1,163,30.812854442344
"CD8_TEG","9",5.13333333333333,166,31.4393939393939
"CD8_TEG","9",5.16666666666667,167,31.5094339622642
"CD8_TEG","9",5.2,174,32.3420074349442
"CD8_TEG","9",5.23333333333333,175,32.5884543761639
"CD8_TEG","9",5.26666666666667,174,32.5233644859813
"CD8_TEG","9",5.3,176,32.9588014981273
"CD8_TEG","9",5.33333333333333,177,33.1460674157303
"CD8_TEG","9",5.36666666666667,174,32.8301886792453
"CD8_TEG","9",5.4,171,32.1428571428571
"CD8_TEG","9",5.43333333333333,169,31.7669172932331
"CD8_TEG","9",5.46666666666667,166,31.4393939393939
"CD8_TEG","9",5.5,166,31.5589353612167
"CD8_TEG","9",5.53333333333333,169,32.0683111954459
"CD8_TEG","9",5.56666666666667,172,32.5141776937618
"CD8_TEG","9",5.6,168,32
"CD8_TEG","9",5.63333333333333,167,31.8095238095238
"CD8_TEG","9",5.66666666666667,166,31.3207547169811
"CD8_TEG","9",5.7,165,31.1320754716981
"CD8_TEG","9",5.73333333333333,164,31.0606060606061
"CD8_TEG","9",5.76666666666667,164,31.2380952380952
"CD8_TEG","9",5.8,165,31.9148936170213
"CD8_TEG","9",5.83333333333333,165,31.8532818532819
"CD8_TEG","9",5.86666666666667,163,31.6504854368932
"CD8_TEG","9",5.9,162,31.5175097276265
"CD8_TEG","9",5.93333333333333,162,31.2138728323699
"CD8_TEG","9",5.96666666666667,162,31.0940499040307
"CD8_TEG","9",6,164,31.7214700193424
"CD8_TEG","9",6.03333333333333,163,31.5280464216634
"CD8_TEG","9",6.06666666666667,161,31.2621359223301
"CD8_TEG","9",6.1,161,31.0810810810811
"CD8_TEG","9",6.13333333333333,161,30.9615384615385
"CD8_TEG","9",6.16666666666667,160,30.7101727447217
"CD8_TEG","9",6.2,158,30.4431599229287
"CD8_TEG","9",6.23333333333333,157,30.1923076923077
"CD8_TEG","9",6.26666666666667,161,30.4924242424242
"CD8_TEG","9",6.3,161,30.1498127340824
"CD8_TEG","9",6.33333333333333,158,30.0380228136882
"CD8_TEG","9",6.36666666666667,156,29.6577946768061
"CD8_TEG","9",6.4,156,29.9424184261036
"CD8_TEG","9",6.43333333333333,153,29.3666026871401
"CD8_TEG","9",6.46666666666667,153,29.3103448275862
"CD8_TEG","9",6.5,152,28.842504743833
"CD8_TEG","9",6.53333333333333,155,29.0806754221388
"CD8_TEG","9",6.56666666666667,159,29.7752808988764
"CD8_TEG","9",6.6,162,30.2803738317757
"CD8_TEG","9",6.63333333333333,163,30.410447761194
"CD8_TEG","9",6.66666666666667,157,29.9618320610687
"CD8_TEG","9",6.7,153,29.1984732824427
"CD8_TEG","9",6.73333333333333,152,29.2307692307692
"CD8_TEG","9",6.76666666666667,149,28.7644787644788
"CD8_TEG","9",6.8,148,28.5714285714286
"CD8_TEG","9",6.83333333333333,152,29.2307692307692
"CD8_TEG","9",6.86666666666667,150,28.957528957529
"CD8_TEG","9",6.9,149,28.8201160541586
"CD8_TEG","9",6.93333333333333,147,28.5992217898833
"CD8_TEG","9",6.96666666666667,148,28.7378640776699
"CD8_TEG","9",7,149,28.7644787644788
"CD8_TEG","9",7.03333333333333,147,28.5436893203883
"CD8_TEG","9",7.06666666666667,146,28.2945736434109
"CD8_TEG","9",7.1,144,28.2907662082515
"CD8_TEG","9",7.13333333333333,142,28.3433133732535
"CD8_TEG","9",7.16666666666667,142,28.2306163021869
"CD8_TEG","9",7.2,144,28.2907662082515
"CD8_TEG","9",7.23333333333333,142,28.0078895463511
"CD8_TEG","9",7.26666666666667,144,28.1800391389432
"CD8_TEG","9",7.3,141,27.6470588235294
"CD8_TEG","9",7.33333333333333,141,27.6470588235294
"CD8_TEG","9",7.36666666666667,139,27.4703557312253
"CD8_TEG","9",7.4,139,27.4703557312253
"CD8_TEG","9",7.43333333333333,139,27.4703557312253
"CD8_TEG","9",7.46666666666667,138,27.3809523809524
"CD8_TEG","9",7.5,136,26.984126984127
"CD8_TEG","9",7.53333333333333,132,26.5060240963855
"CD8_TEG","9",7.56666666666667,130,26.1569416498994
"CD8_TEG","9",7.6,128,25.9634888438134
"CD8_TEG","9",7.63333333333333,130,26.1569416498994
"CD8_TEG","9",7.66666666666667,129,26.008064516129
"CD8_TEG","9",7.7,128,25.6
"CD8_TEG","9",7.73333333333333,132,26.0869565217391
"CD8_TEG","9",7.76666666666667,132,26.2948207171315
"CD8_TEG","9",7.8,130,26.1044176706827
"CD8_TEG","9",7.83333333333333,130,26.2096774193548
"CD8_TEG","9",7.86666666666667,130,26.369168356998
"CD8_TEG","9",7.9,129,26.3803680981595
"CD8_TEG","9",7.93333333333333,129,26.4344262295082
"CD8_TEG","9",7.96666666666667,127,26.0780287474333
"CD8_TEG","9",8,127,25.9713701431493
"CD8_TEG","9",8.03333333333333,127,25.6565656565657
"CD8_TEG","9",8.06666666666667,128,26.1224489795918
"CD8_TEG","9",8.1,126,25.8726899383984
"CD8_TEG","9",8.13333333333333,126,25.609756097561
"CD8_TEG","9",8.16666666666667,121,24.5934959349593
"CD8_TEG","9",8.2,120,24.390243902439
"CD8_TEG","9",8.23333333333333,118,24.2798353909465
"CD8_TEG","9",8.26666666666667,120,24.6913580246914
"CD8_TEG","9",8.3,116,24.0165631469979
"CD8_TEG","9",8.33333333333333,114,23.7995824634656
"CD8_TEG","9",8.36666666666667,114,23.9495798319328
"CD8_TEG","9",8.4,115,24.0585774058577
"CD8_TEG","9",8.43333333333333,116,24.3186582809224
"CD8_TEG","9",8.46666666666667,120,24.7422680412371
"CD8_TEG","9",8.5,120,24.6913580246914
"CD8_TEG","9",8.53333333333333,123,25.4132231404959
"CD8_TEG","9",8.56666666666667,121,25.103734439834
"CD8_TEG","9",8.6,120,25.0521920668058
"CD8_TEG","9",8.63333333333333,121,25
"CD8_TEG","9",8.66666666666667,120,24.896265560166
"CD8_TEG","9",8.7,118,24.7899159663866
"CD8_TEG","9",8.73333333333333,116,24.3186582809224
"CD8_TEG","9",8.76666666666667,114,24.2553191489362
"CD8_TEG","9",8.8,114,24.2553191489362
"CD8_TEG","9",8.83333333333333,114,24.2553191489362
"CD8_TEG","9",8.86666666666667,113,24.3534482758621
"CD8_TEG","9",8.9,111,23.7687366167024
"CD8_TEG","9",8.93333333333333,112,23.9316239316239
"CD8_TEG","9",8.96666666666667,112,23.7791932059448
"CD8_TEG","9",9,113,24.0425531914894
"CD8_TEG","9",9.03333333333333,111,24.1304347826087
"CD8_TEG","9",9.06666666666667,109,24.0088105726872
"CD8_TEG","9",9.1,109,24.2761692650334
"CD8_TEG","9",9.13333333333333,107,24.2081447963801
"CD8_TEG","9",9.16666666666667,106,24.3119266055046
"CD8_TEG","9",9.2,106,24.6511627906977
"CD8_TEG","9",9.23333333333333,106,25.4196642685851
"CD8_TEG","9",9.26666666666667,105,25.7985257985258
"CD8_TEG","9",9.3,104,26.1964735516373
"CD8_TEG","9",9.33333333333333,104,26.3959390862944
"CD8_TEG","9",9.36666666666667,102,26.4248704663212
"CD8_TEG","9",9.4,99,26.2599469496021
"CD8_TEG","9",9.43333333333333,96,26.0869565217391
"CD8_TEG","9",9.46666666666667,95,26.6106442577031
"CD8_TEG","9",9.5,94,26.7806267806268
"CD8_TEG","9",9.53333333333333,93,27.0348837209302
"CD8_TEG","9",9.56666666666667,90,26.7062314540059
"CD8_TEG","9",9.6,84,25.531914893617
"CD8_TEG","9",9.63333333333333,82,25.4658385093168
"CD8_TEG","9",9.66666666666667,80,25.3164556962025
"CD8_TEG","9",9.7,80,25.5591054313099
"CD8_TEG","9",9.73333333333333,75,24.5098039215686
"CD8_TEG","9",9.76666666666667,74,24.6666666666667
"CD8_TEG","9",9.8,72,24.5733788395904
"CD8_TEG","9",9.83333333333333,71,24.7386759581882
"CD8_TEG","9",9.86666666666667,71,25
"CD8_TEG","9",9.9,67,24.5421245421245
"CD8_TEG","9",9.93333333333333,65,24.2537313432836
"CD8_TEG","9",9.96666666666667,61,24.4979919678715
